{"stats":{"minecraft:dropped":{"minecraft:dirt":1,"minecraft:wheat_seeds":1},"minecraft:custom":{"minecraft:time_since_rest":8545,"minecraft:crouch_one_cm":139,"minecraft:sprint_one_cm":19385,"minecraft:play_time":8545,"minecraft:damage_taken":20,"minecraft:walk_one_cm":16774,"minecraft:sneak_time":170,"minecraft:drop":2,"minecraft:jump":264,"minecraft:leave_game":4,"minecraft:time_since_death":8545,"minecraft:total_world_time":8545,"minecraft:interact_with_crafting_table":2,"minecraft:fall_one_cm":8923,"minecraft:fly_one_cm":38048},"minecraft:used":{"minecraft:crafting_table":1,"minecraft:wooden_pickaxe":12},"minecraft:crafted":{"minecraft:oak_planks":20,"minecraft:crafting_table":1,"minecraft:stick":4,"minecraft:stone_pickaxe":1,"minecraft:wooden_pickaxe":1},"minecraft:picked_up":{"minecraft:wheat_seeds":1,"minecraft:oak_log":5,"minecraft:dirt":17,"minecraft:cobblestone":12},"minecraft:mined":{"minecraft:grass":6,"minecraft:grass_block":4,"minecraft:oak_log":5,"minecraft:dirt":13,"minecraft:tall_grass":1,"minecraft:stone":12}},"DataVersion":3465}