{"stats":{"minecraft:custom":{"minecraft:jump":201,"minecraft:time_since_rest":5786,"minecraft:sprint_one_cm":13948,"minecraft:play_time":5786,"minecraft:damage_taken":20,"minecraft:time_since_death":5786,"minecraft:walk_one_cm":23527,"minecraft:total_world_time":5786,"minecraft:fall_one_cm":6989,"minecraft:fly_one_cm":23284},"minecraft:used":{"minecraft:oak_log":1},"minecraft:picked_up":{"minecraft:oak_log":1},"minecraft:mined":{"minecraft:oak_log":1,"minecraft:birch_leaves":2,"minecraft:oak_leaves":5}},"DataVersion":3465}